{
  "Ansi 7 Color (Light)" : {
    "Red Component" : 0.98039215686299996,
    "Color Space" : "Calibrated",
    "Blue Component" : 0.98039215686299996,
    "Alpha Component" : 1,
    "Green Component" : 0.98039215686299996
  },
  "Ansi 15 Color (Light)" : {
    "Red Component" : 1,
    "Color Space" : "Calibrated",
    "Blue Component" : 1,
    "Alpha Component" : 1,
    "Green Component" : 1
  },
  "Ansi 2 Color (Light)" : {
    "Red Component" : 0.31372549019599999,
    "Color Space" : "Calibrated",
    "Blue Component" : 0.309803921569,
    "Alpha Component" : 1,
    "Green Component" : 0.63137254901999995
  },
  "Bold Color" : {
    "Red Component" : 0.062745101749897003,
    "Color Space" : "sRGB",
    "Blue Component" : 0.062745101749897003,
    "Alpha Component" : 1,
    "Green Component" : 0.062745101749897003
  },
  "Ansi 1 Color (Dark)" : {
    "Red Component" : 0.89411764705899999,
    "Color Space" : "Calibrated",
    "Blue Component" : 0.28627450980399999,
    "Alpha Component" : 1,
    "Green Component" : 0.337254901961
  },
  "Use Bright Bold" : true,
  "Ansi 9 Color (Light)" : {
    "Red Component" : 0.87843137254899994,
    "Color Space" : "Calibrated",
    "Blue Component" : 0.458823529412,
    "Alpha Component" : 1,
    "Green Component" : 0.42352941176499997
  },
  "Ansi 8 Color (Dark)" : {
    "Red Component" : 0.309803921569,
    "Color Space" : "Calibrated",
    "Blue Component" : 0.36862745097999999,
    "Alpha Component" : 1,
    "Green Component" : 0.32156862745100001
  },
  "Background Color" : {
    "Red Component" : 0.97999999999999998,
    "Color Space" : "sRGB",
    "Blue Component" : 0.97999999999999998,
    "Alpha Component" : 1,
    "Green Component" : 0.97999999999999998
  },
  "Columns" : 80,
  "Ansi 8 Color" : {
    "Red Component" : 0.40781760215759277,
    "Color Space" : "sRGB",
    "Blue Component" : 0.4078223705291748,
    "Alpha Component" : 1,
    "Green Component" : 0.40782788395881653
  },
  "Right Option Key Sends" : 0,
  "Ansi 4 Color (Light)" : {
    "Red Component" : 0.0039215686274500002,
    "Color Space" : "Calibrated",
    "Blue Component" : 0.73725490196099996,
    "Alpha Component" : 1,
    "Green Component" : 0.51764705882399997
  },
  "Blinking Cursor" : false,
  "Selected Text Color (Light)" : {
    "Red Component" : 0.21960784313699999,
    "Color Space" : "Calibrated",
    "Blue Component" : 0.25882352941199999,
    "Alpha Component" : 1,
    "Green Component" : 0.22745098039200001
  },
  "Selected Text Color (Dark)" : {
    "Red Component" : 0.21960784313699999,
    "Color Space" : "Calibrated",
    "Blue Component" : 0.25882352941199999,
    "Alpha Component" : 1,
    "Green Component" : 0.22745098039200001
  },
  "Ansi 3 Color (Dark)" : {
    "Red Component" : 0.756862745098,
    "Color Space" : "Calibrated",
    "Blue Component" : 0.0039215686274500002,
    "Alpha Component" : 1,
    "Green Component" : 0.51764705882399997
  },
  "Keyboard Map" : {

  },
  "Visual Bell" : true,
  "Cursor Text Color" : {
    "Red Component" : 1,
    "Color Space" : "sRGB",
    "Blue Component" : 1,
    "Alpha Component" : 1,
    "Green Component" : 1
  },
  "Scrollback Lines" : 1000,
  "Selection Color (Light)" : {
    "Red Component" : 0.74901960784300003,
    "Color Space" : "Calibrated",
    "Blue Component" : 1,
    "Alpha Component" : 1,
    "Green Component" : 0.80784313725500001
  },
  "Ansi 0 Color" : {
    "Red Component" : 0.078431375324726105,
    "Color Space" : "sRGB",
    "Blue Component" : 0.11764705926179886,
    "Alpha Component" : 1,
    "Green Component" : 0.098039217293262482
  },
  "Match Background Color (Dark)" : {
    "Red Component" : 0.99697142839431763,
    "Color Space" : "P3",
    "Blue Component" : 0.32116127014160156,
    "Alpha Component" : 1,
    "Green Component" : 0.98600882291793823
  },
  "Ansi 11 Color (Light)" : {
    "Red Component" : 0.89803921568599998,
    "Color Space" : "Calibrated",
    "Blue Component" : 0.48235294117600003,
    "Alpha Component" : 1,
    "Green Component" : 0.75294117647100001
  },
  "Ansi 5 Color (Dark)" : {
    "Red Component" : 0.65098039215699999,
    "Color Space" : "Calibrated",
    "Blue Component" : 0.64313725490200002,
    "Alpha Component" : 1,
    "Green Component" : 0.149019607843
  },
  "Cursor Text Color (Light)" : {
    "Red Component" : 0.21960784313699999,
    "Color Space" : "Calibrated",
    "Blue Component" : 0.25882352941199999,
    "Alpha Component" : 1,
    "Green Component" : 0.22745098039200001
  },
  "Silence Bell" : false,
  "Rows" : 25,
  "Guid" : "7E564B72-CC88-4C30-9FA1-F301F60C1831",
  "Ansi 14 Color (Dark)" : {
    "Red Component" : 0.337254901961,
    "Color Space" : "Calibrated",
    "Blue Component" : 0.76078431372499999,
    "Alpha Component" : 1,
    "Green Component" : 0.71372549019599996
  },
  "Ansi 15 Color (Dark)" : {
    "Red Component" : 1,
    "Color Space" : "Calibrated",
    "Blue Component" : 1,
    "Alpha Component" : 1,
    "Green Component" : 1
  },
  "Ansi 0 Color (Dark)" : {
    "Red Component" : 0.21960784313699999,
    "Color Space" : "Calibrated",
    "Blue Component" : 0.25882352941199999,
    "Alpha Component" : 1,
    "Green Component" : 0.22745098039200001
  },
  "Ambiguous Double Width" : false,
  "Option Key Sends" : 2,
  "Ansi 3 Color" : {
    "Red Component" : 0.78058648109436035,
    "Color Space" : "sRGB",
    "Blue Component" : 0,
    "Alpha Component" : 1,
    "Green Component" : 0.76959484815597534
  },
  "Window Type" : 0,
  "BM Growl" : true,
  "Prompt Before Closing 2" : false,
  "Command" : "",
  "Selected Text Color" : {
    "Red Component" : 0,
    "Color Space" : "sRGB",
    "Blue Component" : 0,
    "Alpha Component" : 1,
    "Green Component" : 0
  },
  "Ansi 14 Color (Light)" : {
    "Red Component" : 0.337254901961,
    "Color Space" : "Calibrated",
    "Blue Component" : 0.76078431372499999,
    "Alpha Component" : 1,
    "Green Component" : 0.71372549019599996
  },
  "Cursor Guide Color (Dark)" : {
    "Red Component" : 0.94117647058800002,
    "Color Space" : "Calibrated",
    "Blue Component" : 0.94117647058800002,
    "Alpha Component" : 0.25,
    "Green Component" : 0.94117647058800002
  },
  "Send Code When Idle" : false,
  "Ansi 6 Color" : {
    "Red Component" : 0,
    "Color Space" : "sRGB",
    "Blue Component" : 0.78166204690933228,
    "Alpha Component" : 1,
    "Green Component" : 0.77425903081893921
  },
  "Jobs to Ignore" : [
    "rlogin",
    "ssh",
    "slogin",
    "telnet"
  ],
  "Badge Color (Dark)" : {
    "Red Component" : 1,
    "Color Space" : "Calibrated",
    "Blue Component" : 0,
    "Alpha Component" : 0.5,
    "Green Component" : 0
  },
  "Cursor Color" : {
    "Red Component" : 0,
    "Color Space" : "sRGB",
    "Blue Component" : 0,
    "Alpha Component" : 1,
    "Green Component" : 0
  },
  "Vertical Spacing" : 1,
  "Disable Window Resizing" : true,
  "Close Sessions On End" : true,
  "Selection Color (Dark)" : {
    "Red Component" : 0.74901960784300003,
    "Color Space" : "Calibrated",
    "Blue Component" : 1,
    "Alpha Component" : 1,
    "Green Component" : 0.80784313725500001
  },
  "Default Bookmark" : "No",
  "Foreground Color (Light)" : {
    "Red Component" : 0.21960784313699999,
    "Color Space" : "Calibrated",
    "Blue Component" : 0.25882352941199999,
    "Alpha Component" : 1,
    "Green Component" : 0.22745098039200001
  },
  "Custom Command" : "No",
  "Background Color (Dark)" : {
    "Red Component" : 0.98039215686299996,
    "Color Space" : "Calibrated",
    "Blue Component" : 0.98039215686299996,
    "Alpha Component" : 1,
    "Green Component" : 0.98039215686299996
  },
  "Ansi 9 Color" : {
    "Red Component" : 0.8659515380859375,
    "Color Space" : "sRGB",
    "Blue Component" : 0.45833224058151245,
    "Alpha Component" : 1,
    "Green Component" : 0.47524076700210571
  },
  "Ansi 14 Color" : {
    "Red Component" : 0.37597531080245972,
    "Color Space" : "sRGB",
    "Blue Component" : 1,